predicted,original
185.86,208
21.06,2
398.07,440
192.5,213
154.07,158
294.51,342
101.59,156
145.76,165
317.23,282
109.67,150
160.24,179
108.41,145
45.92,38
2.29,10
-8.1,3
76.63,129
160.8,135
-11.16,2
73.77,24
251.23,239
372.61,421
93.92,56
55.21,47
117.97,153
17.32,9
171.3,197
532.59,514
94.16,91
167.53,151
214.11,31
125.41,123
6.69,20
144.33,220
44.86,40
136.21,152
167.09,144
106.42,156
398.0,402
719.54,738
498.82,528
31.96,31
168.97,183
175.18,248
108.98,151
367.92,334
269.19,229
289.32,231
165.77,130
253.58,213
165.21,141
310.96,301
86.21,23
362.01,455
92.6,33
9.54,6
314.34,369
99.53,48
197.08,192
121.44,131
17.48,20
20.68,21
310.85,350
-8.94,3
339.71,368
191.05,199
194.93,222
13.3,15
81.31,79
124.89,115
45.69,29
134.91,155
167.62,157
89.81,67
184.01,217
11.79,8
81.0,69
126.47,90
44.22,36
8.93,14
-12.58,9
-8.44,3
193.81,82
250.26,346
84.57,134
95.62,73
51.96,57
65.8,108
207.21,217
375.19,365
93.15,98
584.75,556
267.57,346
94.73,102
35.03,6
91.05,69
55.7,52
189.86,181
40.57,24
54.04,60
256.16,241
36.99,16
56.58,64
158.15,177
279.89,297
98.84,25
270.02,247
153.71,80
470.68,503
202.07,197
104.63,20
128.77,145
795.26,857
211.09,222
72.56,90
305.81,275
200.15,213
372.24,522
282.72,254
96.33,82
72.69,27
176.33,157
131.54,136
118.6,149
70.92,26
162.27,174
341.44,369
86.77,89
270.36,362
91.21,80
181.38,175
162.12,182
252.98,268
154.08,164
163.37,185
227.45,229
208.86,167
92.79,63
102.71,163
455.94,512
483.65,521
446.21,432
27.12,30
96.46,148
328.48,315
0.87,12
238.99,226
220.51,178
60.78,23
35.17,19
192.21,170
157.83,115
12.46,5
118.8,165
144.48,121
125.81,180
10.42,28
-11.8,2
232.88,98
27.22,28
168.4,157
65.86,5
-1.75,1
333.61,331
77.91,67
141.59,113
13.41,31
112.29,119
155.98,134
544.62,612
317.51,297
316.29,221
16.84,23
3.84,9
397.12,464
86.42,24
231.09,226
84.2,29
36.15,33
86.08,73
233.46,215
137.21,114
285.55,356
469.79,715
244.45,154
194.51,224
19.26,7
112.64,147
433.37,466
32.29,51
193.17,236
5.78,33
181.87,158
-1.17,2
67.32,65
10.14,22
8.61,5
440.99,221
-15.27,1
82.73,40
225.25,175
58.0,78
78.45,93
462.57,501
368.61,605
525.15,492
321.31,331
398.75,466
388.02,442
-1.5,16
39.49,30
197.42,134
-5.79,10
42.09,33
221.58,155
57.03,18
305.49,358
206.14,199
170.42,248
54.39,75
548.93,579
21.13,11
144.41,134
256.17,180
5.7,8
312.98,299
-10.12,2
90.79,118
149.14,134
156.07,154
57.42,24
32.65,36
150.61,90
239.01,276
-5.3,4
-0.1,4
2.71,6
188.8,306
275.72,232
408.11,456
219.72,254
229.87,246
20.08,27
283.43,325
320.55,352
185.0,162
294.64,130
24.92,6
54.08,25
28.42,7
73.12,19
26.72,34
210.81,165
306.04,305
77.1,98
315.77,232
32.31,3
846.88,849
58.52,63
225.26,260
50.35,66
112.76,130
291.69,294
145.49,137
66.85,62
304.89,305
134.53,87
8.28,4
314.04,303
201.3,238
34.56,31
371.71,380
-2.2,2
359.26,347
103.73,51
391.84,439
62.8,55
311.46,292
113.03,83
127.52,76
232.53,307
176.37,192
68.01,106
67.25,129
198.02,220
214.64,323
94.43,151
16.73,10
123.26,138
283.26,274
234.39,287
5.16,7
190.84,163
196.37,157
37.41,16
171.73,204
64.18,86
179.95,183
88.0,98
96.39,115
7.79,10
140.14,161
246.96,238
317.74,332
229.11,155
219.97,282
12.04,23
17.74,23
33.37,47
61.68,120
156.86,132
447.14,420
399.95,371
562.1,560
638.75,620
34.88,3
199.52,211
313.4,367
213.23,243
275.3,73
626.74,590
36.91,28
104.91,76
30.68,48
359.7,520
482.31,447
191.21,135
5.28,21
176.12,247
309.15,381
218.48,150
342.06,374
46.27,65
232.63,126
88.75,164
39.78,16
12.41,40
157.65,127
235.78,219
126.6,163
560.56,505
18.22,8
424.47,300
84.69,97
10.51,7
-2.87,9
228.08,363
20.43,24
570.64,591
27.28,20
28.64,3
65.17,69
-0.62,13
14.89,26
189.0,189
111.88,99
308.88,338
208.96,173
475.6,388
313.41,282
237.37,361
215.53,172
52.88,45
83.68,64
131.13,88
13.98,14
436.33,553
151.02,219
199.35,253
42.52,45
175.62,120
77.8,73
420.03,336
615.93,582
448.19,432
136.06,149
184.61,203
147.95,124
196.07,207
190.53,163
165.92,109
176.31,187
102.24,146
50.28,29
63.64,89
158.58,65
57.43,3
67.85,47
87.38,44
196.97,215
160.76,168
531.1,494
10.97,52
12.99,3
9.09,2
153.36,152
146.38,228
5.31,4
4.52,7
232.34,270
196.85,233
13.81,19
59.05,86
50.46,42
177.94,29
531.75,594
199.6,212
106.04,125
204.93,121
805.53,704
332.24,171
159.82,44
-1.96,5
194.89,239
-7.0,8
7.68,15
830.46,834
106.27,89
-3.3,4
286.49,308
8.13,30
391.78,434
415.6,425
23.32,11
529.87,457
-19.67,7
-1.28,5
-7.49,3
92.24,86
-0.6,8
295.38,391
134.46,166
31.86,35
296.72,271
0.9,6
178.87,187
91.17,90
223.79,261
225.99,213
491.79,538
-17.33,2
36.8,35
299.83,404
59.58,60
71.99,110
125.27,110
-9.45,3
380.84,399
3.12,6
32.47,53
481.86,488
202.15,143
40.27,30
214.96,38
1.33,9
73.04,73
144.3,160
846.3,766
225.43,234
15.76,12
104.72,61
80.22,91
296.66,334
175.72,175
226.51,201
143.3,143
269.04,347
217.93,249
3.24,3
41.99,32
-10.44,1
62.49,57
168.57,147
80.07,78
131.22,98
43.1,24
173.17,107
58.23,80
239.66,247
139.29,150
204.69,198
144.73,126
473.41,512
28.61,6
289.26,343
6.76,6
315.87,348
192.44,123
305.94,129
135.03,207
59.97,8
-19.45,9
89.95,71
61.94,50
128.34,33
397.92,518
288.09,284
82.03,35
260.17,279
459.46,358
294.21,390
122.51,91
22.45,4
214.7,230
285.09,298
181.08,190
39.83,52
384.13,424
46.58,31
85.85,98
268.88,267
134.2,152
390.45,440
118.46,122
245.06,164
43.41,62
637.04,233
375.16,233
118.75,131
117.68,118
171.37,198
90.32,52
285.77,249
215.39,354
406.72,429
89.22,117
178.03,183
127.79,121
804.28,877
451.97,546
-0.09,6
287.52,288
198.86,209
54.5,28
287.64,102
417.2,347
155.2,139
97.46,59
467.74,499
134.78,121
54.81,24
344.93,237
370.64,372
2.23,3
385.33,451
70.82,94
-2.92,5
306.94,260
454.98,421
79.79,46
121.26,109
5.33,7
84.72,8
269.36,270
311.47,499
248.9,228
282.87,310
272.71,234
303.62,185
6.15,9
87.82,119
5.54,4
132.93,127
168.79,150
409.16,497
196.7,173
41.73,89
194.11,150
63.78,165
345.88,493
69.78,2
475.27,451
239.82,205
35.3,30
378.1,420
-3.2,3
0.15,3
46.0,38
-1.14,3
296.95,269
36.86,25
53.68,58
317.61,342
154.97,175
508.31,612
160.13,226
17.45,31
502.64,442
727.17,798
231.95,311
237.21,233
176.08,139
294.06,54
174.45,78
143.04,128
540.75,536
495.25,468
10.58,9
183.43,229
96.14,103
6.89,31
210.72,281
41.85,29
155.09,94
82.12,115
55.89,37
362.82,358
181.94,248
18.83,21
351.52,336
61.78,108
509.22,532
66.27,20
198.01,209
187.62,222
-14.92,1
190.94,198
245.56,253
108.27,121
114.78,135
865.82,976
99.29,86
80.33,54
60.66,56
13.05,2
25.79,35
180.81,171
445.59,481
350.89,448
22.87,18
173.59,203
87.56,80
17.68,20
147.5,152
9.25,28
195.26,300
255.71,267
186.9,212
-12.9,1
281.22,263
41.53,20
277.75,372
79.56,45
225.68,37
189.41,181
-2.2,4
29.75,45
-9.83,4
89.35,124
10.78,17
-3.22,6
227.97,226
437.83,154
594.47,594
6.96,20
398.77,383
101.03,120
199.52,210
78.81,63
461.52,284
-19.85,1
54.16,70
19.37,5
125.77,45
-0.1,6
44.06,35
122.21,168
29.03,45
3.46,5
325.38,397
402.15,352
9.33,16
214.35,225
427.07,483
-19.57,1
-2.8,3
204.45,201
63.29,63
249.77,253
122.16,45
254.07,214
378.85,444
269.54,260
90.02,76
159.69,134
201.14,231
165.17,180
368.89,339
422.93,454
68.19,50
122.64,162
22.22,13
132.57,43
-1.57,2
89.13,62
23.06,42
69.23,10
-1.8,23
33.8,5
407.63,383
454.65,528
239.15,198
81.96,112
113.61,129
157.58,137
46.76,45
167.85,194
563.63,623
215.76,239
230.52,254
156.78,223
-14.71,3
140.04,106
58.58,96
94.47,283
194.53,196
214.43,122
273.26,247
-5.87,3
208.62,180
189.76,238
144.68,126
137.88,104
29.84,27
96.97,157
79.65,117
71.0,58
126.35,18
253.47,370
108.55,122
400.37,398
280.29,223
115.94,167
675.12,681
152.83,96
165.53,130
19.53,13
401.92,590
65.49,43
124.8,102
364.77,323
270.97,396
61.14,101
57.41,64
148.46,167
9.58,29
255.33,262
69.69,49
42.35,44
458.14,415
-10.27,3
149.14,42
266.0,299
168.0,188
109.13,80
221.27,233
344.61,447
429.04,423
13.91,25
65.15,77
24.63,17
53.52,72
-2.4,17
250.59,238
100.01,45
269.15,237
130.65,111
68.24,79
5.45,8
110.81,51
556.94,648
389.61,440
-9.02,1
178.02,167
429.67,461
125.7,127
89.79,29
413.67,313
80.21,31
105.62,45
299.85,343
102.17,79
238.47,274
2.54,5
185.93,78
305.23,167
586.98,568
188.83,139
156.59,174
472.26,564
365.81,381
130.47,128
136.5,116
303.07,363
376.31,420
21.44,5
269.97,189
62.23,22
446.06,399
3.85,23
592.72,579
-6.39,2
114.71,85
19.87,29
235.48,229
463.45,504
310.35,414
-7.76,6
-0.37,3
180.87,191
271.41,310
-2.18,4
144.43,81
55.56,52
213.35,245
107.98,24
-0.26,9
285.16,327
331.36,162
11.68,13
348.9,324
99.65,150
-5.11,17
210.47,116
200.87,232
173.0,118
250.0,287
19.13,23
-1.7,18
9.06,13
171.89,171
328.63,352
238.86,276
287.63,278
406.64,342
87.81,74
187.43,186
-4.71,15
-2.69,8
9.26,21
524.75,586
245.93,264
313.14,305
442.89,585
83.99,199
96.22,83
40.5,41
-2.86,16
364.24,363
300.5,278
2.96,2
246.96,303
36.31,73
143.86,222
2.36,8
36.56,24
341.62,418
288.04,137
353.82,381
142.45,134
80.0,56
2.97,3
3.73,14
151.6,229
183.85,512
82.76,68
-7.12,4
16.76,17
188.18,263
160.85,127
337.82,500
235.37,202
380.22,223
187.28,114
275.59,285
75.36,47
163.9,165
363.64,301
228.98,207
-16.3,2
636.01,617
273.99,277
41.73,83
-20.27,2
119.86,224
282.83,258
216.35,323
236.91,372
-10.02,2
234.19,211
290.49,330
189.07,148
181.0,117
33.48,27
253.48,251
274.97,248
109.48,38
102.68,115
183.96,201
354.36,415
381.15,319
206.41,243
535.11,483
6.12,13
19.27,28
102.57,101
190.18,269
176.57,206
698.45,576
42.35,52
406.85,482
15.36,31
321.91,359
117.45,130
249.51,106
272.2,183
18.95,31
132.42,109
173.08,93
73.54,84
163.94,141
28.04,50
535.23,569
255.04,291
-15.13,1
336.08,331
-1.6,3
519.75,580
559.74,559
75.16,14
147.01,121
29.18,17
271.25,104
115.86,188
233.21,163
153.36,125
6.31,5
79.37,59
34.4,50
297.89,276
323.54,339
268.61,332
109.16,190
3.57,12
497.23,585
539.99,534
0.97,5
152.81,159
739.56,761
217.67,256
190.74,176
140.79,118
44.84,36
113.12,157
303.4,317
159.61,120
273.17,321
175.64,223
16.59,27
286.38,119
506.4,116
231.84,224
231.66,316
213.78,235
167.63,205
280.42,318
114.45,42
193.57,197
-4.38,5
204.37,190
401.51,378
243.24,122
136.78,124
112.23,147
584.23,604
461.77,372
53.26,24
292.9,304
-2.62,4
8.78,11
133.31,190
574.15,618
15.18,41
245.96,183
67.11,88
5.15,16
18.56,25
245.34,203
153.76,114
57.24,49
80.04,94
-9.23,1
263.5,236
273.81,263
24.0,25
260.63,149
191.42,203
137.3,151
167.12,155
348.44,410
281.32,250
185.71,153
143.05,101
415.23,362
103.39,94
263.39,332
47.01,9
71.26,106
453.68,459
200.74,173
334.69,286
-4.64,7
441.85,430
373.32,392
392.85,341
205.98,159
3.15,4
288.08,257
110.58,92
-4.86,7
524.19,505
359.99,459
415.45,459
6.08,3
10.01,22
140.95,82
26.98,25
291.88,302
5.56,4
89.25,106
176.31,220
114.16,79
212.77,169
49.18,54
208.36,214
-5.05,7
170.58,146
110.0,72
167.78,136
16.48,16
37.2,31
-15.29,2
263.62,456
305.73,370
-5.16,7
346.28,363
623.71,620
42.21,49
87.26,79
-12.2,4
69.52,16
92.65,32
-12.03,2
145.23,108
27.55,13
219.19,204
55.61,39
329.58,306
51.08,57
128.96,64
157.59,175
194.91,174
-4.96,4
6.81,16
459.12,553
519.81,516
743.58,759
111.63,66
15.09,24
622.94,110
376.57,325
163.06,172
215.0,109
362.47,351
173.7,94
409.93,431
398.14,547
106.44,46
405.59,467
25.87,26
156.92,205
225.72,217
76.97,141
-5.34,3
194.03,199
454.89,531
571.66,653
294.5,295
166.0,187
254.4,237
238.78,211
130.78,114
1.29,12
14.08,19
-17.16,3
444.9,476
234.14,103
108.24,62
87.16,63
322.46,384
225.54,174
-21.29,1
45.67,31
50.86,41
45.52,11
128.24,137
10.92,11
423.58,389
81.51,42
318.44,410
318.11,372
318.39,260
-3.24,5
94.91,112
212.74,161
169.97,153
164.96,130
155.09,202
304.12,353
196.14,264
131.99,178
129.26,175
2.79,7
78.03,58
176.03,133
193.86,167
209.82,209
59.21,10
286.29,331
355.82,382
16.93,24
0.87,12
5.76,24
94.59,94
188.86,218
14.56,20
492.85,552
163.21,138
417.37,404
9.61,8
0.14,8
335.65,316
271.4,202
215.72,153
-16.08,3
114.98,110
292.98,300
69.08,89
214.08,164
533.85,598
130.03,113
138.01,118
281.0,254
60.82,191
287.53,183
58.6,26
-6.04,4
417.07,404
17.21,36
593.29,640
67.63,93
-7.92,7
251.16,188
324.15,232
111.26,71
173.69,112
37.14,41
19.43,10
314.12,305
532.49,596
214.06,265
418.65,452
143.19,134
115.87,127
187.87,228
-1.33,6
541.65,607
154.74,204
75.15,76
407.04,336
746.61,281
487.38,530
-5.57,11
211.42,144
141.23,161
-0.01,2
329.29,281
382.39,340
174.76,170
125.41,93
321.71,348
131.02,160
71.37,30
35.95,16
-8.17,6
95.81,78
293.85,278
136.55,146
23.86,17
-5.26,1
232.47,183
319.87,374
71.24,43
-13.81,4
17.06,21
217.65,280
240.12,130
137.07,154
215.45,279
508.87,432
288.55,280
68.0,46
407.39,363
28.18,30
625.1,502
1.1,3
15.14,14
116.09,41
530.67,497
329.26,285
349.14,224
350.36,280
119.54,243
229.58,181
-3.57,7
177.38,250
38.67,35
156.76,69
35.93,10
3.99,13
-0.31,15
-1.88,2
216.03,221
1.15,3
374.88,386
65.31,11
130.73,142
-8.43,2
12.07,18
194.57,176
89.5,20
142.39,146
27.43,30
77.46,57
353.01,392
4.92,6
203.08,257
21.63,23
270.6,249
33.98,41
-4.54,2
31.62,15
145.76,181
154.66,182
392.45,418
86.93,40
186.54,114
-9.17,1
359.27,472
136.81,37
96.16,56
132.74,143
-2.97,8
181.46,75
97.69,121
5.77,25
319.6,321
269.62,82
7.09,9
197.8,198
120.69,145
-2.85,7
79.76,105
17.45,24
304.7,317
261.23,293
32.88,23
6.9,16
59.9,15
-8.38,1
26.96,4
71.79,70
323.69,351
305.93,250
337.95,355
83.15,125
223.68,259
0.31,7
149.04,181
467.09,525
246.33,230
4.86,6
8.58,2
353.46,222
74.93,23
262.19,365
322.77,317
93.6,72
189.64,219
63.4,99
870.41,970
555.45,487
-0.91,8
164.36,148
332.32,220
286.66,234
257.12,296
194.87,182
438.67,279
134.13,99
222.24,268
154.74,306
-9.63,3
221.82,216
116.92,127
198.84,457
158.58,280
226.8,43
40.28,33
381.92,343
9.67,12
-9.37,13
257.4,256
193.11,234
-2.7,7
3.45,21
45.58,36
158.84,177
-4.15,26
68.92,46
103.82,87
202.11,244
68.36,65
121.72,76
314.19,227
67.68,122
74.1,32
353.45,347
26.27,27
392.91,389
296.39,332
115.98,179
267.35,274
181.89,289
184.5,143
297.46,327
126.72,73
443.47,391
21.08,17
144.95,163
14.31,21
422.69,417
72.3,47
136.41,108
133.75,215
181.18,170
86.21,82
182.48,73
66.19,62
111.47,122
62.24,93
285.29,228
500.78,522
49.76,76
236.23,347
4.5,5
5.9,13
146.02,137
292.62,260
49.45,64
97.3,74
132.77,138
84.65,91
-4.13,5
403.07,370
559.92,593
148.95,173
29.46,4
6.86,4
-12.31,8
338.37,304
17.46,27
120.13,112
41.45,23
50.68,35
5.66,11
456.31,463
270.18,242
248.88,170
391.6,385
210.09,355
145.29,294
382.95,337
15.32,30
67.41,87
279.14,243
17.37,27
6.3,10
149.43,148
2.22,5
139.15,103
140.45,166
13.99,24
364.26,415
245.01,274
101.64,90
277.36,281
277.49,221
116.43,45
17.73,14
526.61,638
18.24,38
25.16,25
44.42,49
270.86,291
645.99,809
573.28,602
82.61,78
460.38,505
91.14,65
262.45,299
284.05,276
54.21,46
139.1,69
281.22,266
142.86,106
9.82,14
115.95,110
208.35,184
308.82,306
251.27,217
-6.2,5
391.18,421
380.81,445
45.74,116
111.68,85
428.45,483
115.82,52
156.38,171
11.16,11
80.2,14
134.28,152
609.49,698
12.76,21
109.84,90
-3.29,7
9.8,14
-0.43,21
84.87,99
358.72,319
179.29,103
277.84,119
880.76,848
208.09,208
209.52,234
294.6,285
0.42,7
81.08,75
104.24,107
207.51,110
507.86,467
160.36,209
-5.34,6
249.37,256
247.88,223
131.16,130
278.67,104
90.95,100
131.91,144
7.37,9
60.29,55
103.31,64
423.47,476
202.25,243
90.43,114
67.37,89
1.49,2
226.89,296
72.51,60
95.52,106
46.75,15
96.52,36
185.37,263
260.12,292
228.62,335
578.14,594
174.7,202
194.69,230
102.16,110
150.69,129
270.66,249
312.38,317
41.12,50
37.86,19
276.58,377
353.78,391
316.45,396
43.03,57
167.64,128
432.6,365
35.9,71
111.93,79
68.83,26
306.43,368
165.43,151
331.62,526
292.12,349
81.89,62
-3.35,9
247.1,256
448.21,450
543.17,517
200.94,172
-9.75,6
378.21,483
7.33,6
153.53,136
628.02,679
136.74,114
159.47,148
55.26,58
-7.08,2
269.43,254
222.96,288
98.29,110
286.57,346
2.35,13
85.9,99
6.21,22
241.33,130
254.4,229
163.46,183
32.2,29
175.48,227
112.28,42
81.78,54
369.85,376
27.67,17
176.92,130
-16.22,2
189.36,205
1.78,4
84.17,62
274.01,365
167.53,223
172.3,175
178.72,200
230.17,251
252.88,233
10.87,12
-3.75,6
363.69,412
543.48,596
64.05,27
423.63,566
314.42,339
75.85,12
201.62,240
244.88,242
244.99,188
282.41,143
16.12,9
141.27,178
288.04,299
11.84,9
164.07,164
314.47,406
54.99,32
69.85,74
187.62,147
41.52,22
497.58,568
138.19,155
397.3,360
45.47,33
304.05,461
173.8,168
14.47,23
75.74,68
101.53,28
106.55,94
93.23,173
59.96,52
379.99,551
128.67,113
169.85,138
175.39,297
58.93,64
327.27,331
294.09,267
29.92,36
196.17,36
138.61,180
132.34,115
15.21,16
409.31,425
202.68,135
237.77,271
58.25,101
121.34,144
298.29,304
8.34,74
9.81,12
85.11,66
194.6,172
5.7,7
459.75,419
9.39,17
83.35,126
447.64,441
94.49,27
141.1,160
230.44,219
282.83,289
396.01,342
184.77,145
245.03,218
551.68,530
346.34,360
93.85,101
343.08,355
342.14,343
67.75,66
-5.28,9
307.47,378
131.33,103
188.07,136
361.45,420
0.91,8
327.47,352
2.76,6
466.12,526
300.93,263
15.83,14
309.55,270
154.47,188
38.25,40
453.64,450
51.85,47
255.06,244
443.65,388
265.29,246
18.39,21
55.87,90
-12.29,2
237.28,248
550.79,529
147.51,152
142.59,171
419.84,385
55.04,27
231.21,222
27.18,28
-3.96,5
74.29,102
192.45,178
302.91,275
6.12,5
261.76,233
261.32,273
2.77,14
-8.99,7
163.58,143
5.16,5
52.23,54
361.82,319
178.85,170
412.82,413
25.55,13
-5.22,6
28.1,17
194.06,226
300.65,283
4.1,4
272.85,321
79.87,58
34.93,54
74.91,13
316.93,340
140.07,132
44.1,42
150.86,226
105.58,108
205.68,142
298.56,171
4.16,5
41.12,69
304.49,341
409.69,433
137.05,135
154.49,198
56.54,108
189.91,211
114.24,101
128.72,140
523.05,227
477.01,487
296.3,267
115.46,132
11.34,4
57.28,57
-2.86,4
295.38,186
195.72,198
62.53,103
4.44,10
176.99,238
576.07,808
398.62,368
100.29,128
133.67,68
269.94,256
298.0,345
62.96,31
105.5,200
114.32,122
104.88,82
288.25,304
68.99,64
399.55,480
35.5,35
90.0,85
330.08,357
294.85,305
119.8,70
451.97,517
34.73,49
166.16,131
336.33,341
230.08,204
32.03,40
469.89,474
238.64,251
881.15,884
338.35,211
353.41,407
294.35,288
362.53,379
251.41,584
200.37,234
481.87,544
207.99,183
371.88,356
374.22,450
124.73,24
532.09,481
0.07,5
163.59,102
132.43,126
187.61,235
102.15,117
-0.22,3
472.22,514
547.58,593
352.54,410
311.62,237
99.2,100
28.78,21
10.56,24
89.55,135
168.9,148
245.66,215
388.08,380
265.43,174
299.32,288
-10.83,16
224.38,253
154.04,148
130.3,130
-0.29,8
137.73,31
-15.1,1
292.3,452
409.57,443
157.91,174
-5.95,10
18.54,30
624.15,722
-7.69,4
5.83,18
366.9,350
110.15,112
156.01,196
124.39,130
213.85,246
182.81,209
2.98,5
65.52,67
292.53,347
602.55,598
294.13,321
42.15,41
119.06,128
-7.76,5
365.75,160
124.46,110
112.21,46
260.96,267
473.56,494
112.21,102
245.41,270
-2.01,6
274.51,285
85.73,11
168.85,164
236.44,358
264.98,230
265.04,230
69.39,57
108.38,107
30.64,39
390.59,404
-11.26,4
150.87,83
252.25,216
126.65,100
61.49,31
136.0,156
12.98,9
4.29,3
102.36,48
252.41,239
51.55,64
372.16,402
284.95,269
138.27,45
1.32,6
297.25,317
351.45,466
828.43,888
720.85,817
154.0,118
66.01,78
745.18,899
820.65,804
10.31,5
631.3,678
348.05,236
-4.2,15
75.07,50
-8.88,3
269.84,217
171.49,165
60.76,36
361.65,215
194.86,131
-0.62,2
88.61,78
7.13,13
254.84,184
400.06,450
338.75,378
220.14,165
486.38,527
476.12,401
116.44,70
4.59,6
263.91,189
527.45,490
716.5,737
7.48,11
251.17,182
91.46,65
170.83,192
69.75,22
108.08,107
97.09,87
302.5,271
10.2,27
77.73,126
489.7,312
104.02,161
75.21,90
663.05,729
89.42,79
81.46,88
-2.82,14
207.76,279
250.17,180
98.59,165
83.27,201
191.64,285
161.74,58
13.29,22
118.49,10
94.82,46
142.73,173
562.68,554
167.44,135
44.14,44
461.69,444
150.84,110
49.42,21
3.38,5
25.19,53
45.43,37
147.83,167
208.04,158
496.63,604
243.83,214
326.29,505
26.67,14
252.97,314
377.0,352
227.71,224
144.25,161
326.22,355
201.74,160
151.84,172
-3.29,5
271.17,292
601.55,688
345.92,380
542.02,547
187.74,204
-2.1,6
155.51,172
165.25,165
336.91,376
-10.7,2
175.21,168
66.17,77
15.55,11
-3.27,7
138.97,223
167.32,108
378.33,373
316.91,355
35.83,29
199.41,190
530.34,481
132.3,160
294.83,334
345.25,115
236.82,219
112.91,144
57.38,75
41.82,56
-9.29,1
52.49,32
2.85,11
21.83,13
166.16,133
128.56,95
709.42,632
283.64,344
23.66,24
290.88,378
70.53,50
731.0,769
299.72,254
213.88,190
418.89,421
129.03,130
478.41,494
64.44,87
81.63,101
194.89,25
204.54,214
9.31,26
56.63,78
150.98,51
288.0,323
54.75,27
161.81,134
193.35,184
75.47,74
169.52,183
210.81,204
628.76,651
468.2,268
51.46,45
111.2,108
27.26,24
163.34,189
178.75,149
166.03,171
180.86,154
236.67,290
100.58,100
427.6,385
324.76,318
627.2,677
93.47,60
64.38,61
33.88,12
520.88,567
61.42,58
269.4,332
358.36,488
156.28,49
107.81,81
121.11,135
202.47,196
75.92,72
425.04,496
345.59,343
208.07,202
2.22,7
507.85,525
194.01,129
79.26,44
199.54,211
408.16,472
268.91,251
61.69,52
312.18,377
37.49,12
100.14,16
614.8,623
176.54,115
218.35,215
158.19,169
347.72,367
438.87,377
69.0,75
474.92,446
-11.76,4
29.06,16
646.53,596
268.33,318
253.24,225
37.84,16
5.97,2
90.67,16
67.86,68
607.46,699
377.09,386
158.39,150
22.52,18
151.29,177
615.1,643
248.11,311
342.43,294
164.11,154
105.0,143
785.73,801
74.13,50
356.17,491
141.79,114
384.97,310
65.9,50
61.61,61
104.74,191
283.97,184
-9.13,6
446.28,488
304.47,362
205.23,161
146.72,64
44.63,45
57.42,32
82.73,75
12.12,3
312.51,336
83.64,82
9.63,16
20.67,63
309.93,371
130.72,116
334.9,571
115.71,144
288.17,236
339.07,389
56.6,50
430.25,480
80.42,14
219.78,194
115.64,135
157.56,128
386.06,436
104.32,105
298.41,214
156.79,181
42.3,45
41.58,47
4.49,4
472.92,485
80.89,112
288.13,292
32.7,30
114.69,165
387.53,468
-1.07,4
129.06,132
269.34,248
183.96,157
60.66,43
1.31,15
229.04,208
286.27,275
334.99,303
490.41,791
-11.33,3
35.25,47
615.75,551
604.27,641
53.88,61
323.59,297
64.75,258
371.66,368
57.52,42
89.72,14
269.81,269
326.45,294
207.81,260
172.34,139
290.71,306
114.73,223
386.74,388
366.73,316
78.48,29
-11.0,1
90.52,81
225.0,178
162.13,83
6.71,5
68.16,55
230.64,223
204.71,391
73.27,2
-9.48,9
231.87,172
186.2,176
354.4,504
785.0,850
98.81,46
566.52,591
73.5,97
379.4,369
197.69,216
56.12,75
169.34,161
335.33,287
178.65,200
18.64,31
288.98,392
60.85,95
170.93,114
27.45,56
308.11,340
199.75,184
539.72,595
38.19,86
403.06,410
165.79,211
84.61,31
492.15,457
13.27,27
2.93,3
244.74,304
334.82,304
173.87,89
87.74,35
587.2,616
80.84,89
11.21,6
31.54,24
320.56,291
287.52,432
128.72,200
286.71,275
379.9,367
-1.13,4
342.22,624
24.29,18
151.15,138
61.22,66
99.94,88
-2.25,14
65.16,18
176.54,243
210.77,173
258.52,273
2.73,15
202.56,150
-11.55,4
449.59,584
266.19,259
107.79,161
299.19,383
12.04,20
221.12,125
132.0,185
295.05,338
127.44,72
116.23,137
235.04,285
-11.29,3
57.75,24
14.64,25
264.63,386
226.53,196
269.19,274
44.71,46
133.69,75
532.04,522
-0.79,4
213.37,221
34.3,59
34.59,39
340.9,343
15.97,28
209.09,246
53.11,43
96.39,110
4.22,9
327.24,349
437.13,385
128.99,151
85.04,166
134.9,224
37.5,28
104.29,13
55.78,13
118.24,32
99.62,106
214.35,88
589.16,475
8.82,15
134.37,149
135.66,184
502.0,434
173.78,153
774.06,862
737.97,649
361.51,257
104.63,85
197.6,169
75.99,70
377.94,396
581.4,646
485.15,515
311.99,328
149.75,53
73.37,35
33.58,41
101.66,121
292.74,312
372.78,447
447.26,564
192.38,170
2.85,10
-22.81,1
299.86,416
132.19,158
11.35,28
58.8,59
99.46,11
9.29,8
738.06,782
220.25,305
102.08,117
214.41,211
168.91,270
115.39,37
127.33,171
226.8,190
111.84,121
17.42,20
312.54,330
105.43,127
440.4,582
206.22,180
1.02,8
165.67,150
77.81,47
6.1,5
97.58,98
151.17,140
-2.83,7
84.36,148
155.91,163
27.17,6
174.29,192
272.39,333
224.07,243
78.8,33
115.95,77
179.28,227
130.06,81
214.45,404
152.98,202
-6.81,9
-17.12,2
188.4,213
122.93,84
65.98,102
4.17,18
-3.54,1
268.58,495
91.72,106
50.88,32
187.85,179
496.48,461
396.31,454
324.77,460
236.75,314
89.5,26
22.49,26
172.12,137
0.32,8
850.97,869
-11.37,1
126.5,103
82.48,75
-2.92,10
61.0,81
48.81,44
432.6,471
317.79,347
-2.25,6
227.73,126
255.91,256
393.84,111
362.63,332
293.45,291
169.57,144
67.02,15
544.03,559
333.67,324
47.6,29
70.64,64
296.31,478
7.3,5
117.31,122
611.81,637
124.42,140
98.18,82
204.4,177
53.21,64
517.67,467
374.7,387
94.17,89
214.19,251
93.44,129
394.06,192
101.1,95
271.42,239
42.63,15
2.16,6
350.75,361
226.01,118
67.56,77
250.55,154
413.14,272
16.2,19
69.45,76
186.33,230
15.4,2
357.12,343
116.5,115
220.63,159
112.45,110
26.71,51
324.07,388
373.4,440
26.15,28
321.78,535
215.23,651
132.15,147
117.24,60
256.58,217
441.72,401
25.75,27
380.21,331
472.25,413
603.41,596
14.67,8
86.38,106
-1.2,11
6.15,11
370.38,507
76.75,42
136.65,147
64.3,57
194.01,207
453.45,406
37.15,49
246.53,325
119.65,65
119.16,56
78.28,148
381.28,413
93.14,96
878.44,877
291.42,215
159.12,135
3.53,7
-8.67,2
125.59,115
4.84,8
49.71,55
99.02,107
5.17,24
274.17,330
108.14,141
67.87,93
2.88,12
312.3,271
81.56,56
353.45,169
7.93,4
530.75,572
168.14,185
228.91,165
144.71,113
53.36,53
132.29,134
256.16,221
51.72,31
-14.81,1
-15.61,4
15.33,10
-8.81,4
77.89,23
119.49,93
28.9,31
8.46,8
73.25,77
26.39,49
311.28,374
630.39,615
352.13,367
143.22,149
188.18,172
273.17,310
673.02,842
408.76,499
469.46,391
278.9,318
375.75,456
35.17,25
82.61,81
49.13,64
289.93,168
366.23,308
186.0,212
309.32,334
131.94,192
17.65,4
65.82,25
-9.37,3
11.6,20
187.63,185
89.13,41
23.12,8
350.43,379
300.96,352
3.12,6
261.39,229
10.56,16
88.42,43
154.73,150
399.37,385
182.42,194
168.63,254
240.29,334
-1.17,10
258.02,224
173.97,141
172.03,170
17.24,27
1.46,2
183.85,195
50.56,99
176.03,160
218.58,225
-8.11,2
357.7,361
89.15,71
12.13,31
426.21,421
53.28,87
6.29,20
6.05,6
12.03,17
159.65,122
120.15,116
447.71,460
124.15,124
263.56,210
51.76,16
486.22,513
125.87,154
132.48,165
196.9,162
181.85,185
156.95,147
85.4,108
-5.78,2
-13.27,2
318.96,385
46.42,65
170.94,157
244.38,206
251.45,260
458.88,457
327.16,185
71.05,96
95.64,93
77.14,48
-1.17,2
392.44,243
540.19,482
181.55,189
424.32,336
52.95,21
512.09,452
153.06,154
4.01,4
72.73,26
110.55,70
195.99,311
535.59,568
137.68,111
2.19,13
101.43,139
247.48,240
389.62,414
36.23,58
54.72,17
171.05,156
388.17,409
347.08,228
393.2,457
632.05,693
121.47,40
630.46,750
139.21,204
75.07,205
507.35,419
42.33,30
227.44,196
235.98,220
330.66,134
-2.55,2
294.83,317
619.43,633
86.29,108
2.41,2
115.54,80
244.07,204
233.72,140
49.21,48
333.02,389
321.08,380
233.95,283
173.37,144
2.06,5
308.13,316
140.81,185
96.83,116
480.91,611
-9.88,4
144.68,35
173.69,183
132.77,150
44.39,87
47.4,55
819.27,858
359.83,370
220.01,112
342.74,293
39.65,34
163.7,175
213.97,186
411.19,390
300.08,296
35.14,34
82.58,54
184.22,190
414.18,481
294.12,377
-11.58,1
410.59,442
94.88,74
493.57,487
9.37,20
79.0,70
20.26,21
10.45,16
55.99,18
345.8,396
697.29,705
95.52,74
430.69,396
21.95,21
43.75,37
351.04,371
228.06,232
660.9,713
807.37,767
304.84,350
842.6,845
54.81,46
7.79,17
105.01,33
-10.1,4
40.92,5
123.85,34
701.38,729
5.56,5
415.11,351
106.48,30
291.14,354
-13.97,5
252.22,168
81.15,76
264.29,220
411.01,493
361.95,402
54.13,56
438.45,434
-8.96,6
207.84,195
425.24,380
158.84,140
165.68,206
212.11,303
170.12,280
198.96,167
798.81,839
125.57,153
128.14,138
78.67,97
50.26,44
-1.09,32
-3.67,3
17.68,10
27.25,22
14.07,17
97.29,130
431.83,442
-0.36,2
197.64,300
75.88,117
13.84,30
361.89,424
76.79,148
481.02,408
277.13,283
138.78,125
2.2,9
41.13,11
68.04,43
33.01,52
153.95,169
174.29,166
-0.81,5
132.52,185
57.82,61
103.87,102
695.23,744
184.3,190
42.35,10
87.08,132
72.54,45
127.4,140
318.56,331
-11.77,2
842.5,812
138.37,175
605.87,591
127.9,124
-15.05,2
-2.69,13
124.12,29
406.1,448
836.7,795
90.25,66
159.63,145
99.85,99
114.16,67
45.51,23
342.71,308
-11.56,2
235.14,250
-17.97,1
179.94,160
171.81,230
26.03,18
173.09,198
138.36,111
392.73,380
148.72,203
293.26,300
-9.22,7
329.2,387
304.98,471
70.62,61
461.95,466
210.31,174
428.46,330
372.71,190
216.98,206
12.04,12
538.77,467
205.16,177
1.95,7
5.11,8
274.75,317
12.33,21
51.4,13
378.87,356
65.36,69
41.68,37
85.83,96
222.81,224
149.79,30
294.5,421
71.91,36
237.11,222
128.4,88
0.64,6
594.92,679
194.74,232
-12.76,3
103.5,150
296.47,233
218.24,250
17.38,13
150.3,141
234.2,261
354.8,339
189.26,236
481.43,291
117.78,101
65.4,108
54.78,26
122.71,203
183.45,204
451.43,450
239.46,258
6.28,11
101.57,86
251.36,335
37.76,35
772.97,886
272.46,239
85.62,108
89.82,72
446.31,611
270.47,357
67.03,22
222.08,218
176.55,137
307.99,377
48.85,26
147.34,160
316.68,323
173.94,285
132.6,119
-10.75,4
1.58,37
96.51,97
46.47,36
-0.54,2
232.94,300
163.17,123
276.89,299
266.64,319
251.68,344
89.22,96
2.12,4
165.39,26
211.6,221
822.11,953
631.27,94
3.82,21
118.9,96
168.63,184
128.0,106
12.93,6
722.39,678
115.26,175
348.78,317
171.01,211
8.86,7
352.65,473
46.72,57
233.05,283
116.62,143
3.02,12
31.17,31
199.81,204
346.94,249
46.06,54
592.43,568
140.55,56
593.05,530
143.54,124
136.36,36
29.93,14
150.91,174
36.73,10
99.96,78
9.17,11
249.8,255
42.02,50
-4.95,10
96.18,109
182.83,179
148.22,138
358.97,403
103.56,80
3.92,10
152.3,163
32.97,52
6.42,13
24.8,50
29.54,2
271.04,285
168.35,282
103.84,68
247.63,368
67.85,15
37.39,50
158.09,391
110.34,104
192.37,126
653.88,786
118.1,118
156.45,150
179.31,153
75.4,79
530.27,551
270.69,248
57.91,6
114.43,82
22.51,19
3.34,9
301.28,197
106.43,60
199.38,237
159.55,123
54.87,16
161.63,111
8.22,6
325.42,320
487.25,647
15.34,17
43.22,6
251.82,344
808.87,863
309.4,405
366.78,196
429.18,457
297.05,260
72.84,90
249.81,251
191.59,162
-7.72,3
163.07,190
99.59,76
93.3,22
39.49,41
225.01,207
265.02,237
12.01,10
78.29,84
9.96,16
64.0,68
373.5,353
195.78,169
58.05,31
291.62,207
296.02,300
20.88,28
236.75,159
-0.83,6
240.97,226
244.9,230
395.73,491
114.88,131
193.08,183
431.46,437
241.41,304
498.37,512
40.96,60
112.6,88
59.11,22
0.38,8
85.1,65
156.31,257
24.82,31
105.84,98
-7.4,2
284.96,482
103.68,72
387.33,42
171.54,193
573.64,686
338.28,392
26.09,26
97.74,123
17.85,12
241.88,132
63.19,63
310.68,293
10.55,13
56.76,10
536.82,573
291.45,153
395.58,287
-17.25,1
223.34,304
518.43,448
319.0,283
48.74,59
157.48,142
22.21,21
113.69,109
450.15,480
126.27,101
73.57,129
219.53,134
30.39,43
159.08,182
173.6,176
96.97,128
397.15,98
417.32,543
142.53,129
261.03,258
56.84,73
95.0,97
288.08,282
263.22,265
112.69,114
382.98,296
35.86,37
319.92,373
260.53,218
82.83,113
16.98,11
80.68,10
152.04,87
85.59,106
174.82,176
321.11,408
-0.28,11
164.33,95
762.68,922
148.26,123
282.32,312
209.24,213
118.67,64
6.8,18
464.43,530
59.93,67
245.7,240
360.11,401
172.8,192
876.85,812
137.22,79
-4.89,1
80.99,50
154.39,79
28.65,18
162.47,185
308.32,326
200.7,206
199.1,233
184.29,28
2.68,17
422.65,332
306.22,329
120.11,107
384.5,412
315.32,333
-3.49,5
449.5,651
400.92,338
264.93,274
212.05,271
268.57,270
-13.25,7
7.43,8
247.12,500
115.54,52
222.72,202
16.56,13
169.21,357
53.69,21
229.97,268
137.94,147
356.38,384
198.76,165
142.5,135
26.65,61
182.09,190
99.18,72
514.04,401
138.84,137
63.0,57
12.97,27
108.9,88
386.92,397
158.1,61
10.82,6
34.45,43
76.64,87
303.93,335
58.02,67
511.92,563
153.25,174
105.91,87
11.86,30
352.06,361
126.46,62
4.96,9
54.49,62
309.42,305
82.75,74
21.24,21
269.03,255
63.65,66
312.21,290
95.41,45
215.5,201
300.51,338
472.09,527
610.9,507
261.42,320
18.37,29
231.77,196
-1.79,19
0.29,1
164.39,159
124.16,121
115.66,95
197.85,359
137.59,108
50.0,38
53.63,43
130.03,177
32.19,45
203.91,168
395.33,443
16.33,20
78.89,71
174.69,189
-8.93,2
250.51,144
202.16,235
169.53,168
113.15,219
90.06,33
172.9,170
320.74,373
284.07,308
17.24,26
68.82,90
94.76,57
180.97,164
430.37,449
228.13,212
360.42,339
81.2,126
169.26,100
32.9,28
40.64,30
178.61,155
267.31,305
37.83,20
-0.52,6
102.22,102
68.79,58
528.12,636
98.03,76
115.96,110
479.46,556
333.11,359
169.03,170
176.39,178
598.97,560
17.58,9
272.69,258
54.76,56
61.85,98
336.83,255
72.38,74
446.77,463
149.57,53
20.44,17
515.71,576
13.94,6
459.26,124
94.81,16
18.32,19
168.47,194
222.71,216
-12.13,4
184.79,127
-12.43,6
52.0,13
322.32,331
70.94,51
21.85,42
209.46,108
11.47,13
89.11,90
42.96,14
78.89,112
146.25,161
289.58,275
452.1,362
734.62,683
284.64,236
41.94,10
18.07,49
473.49,519
327.79,114
447.97,407
378.09,441
-11.39,4
377.17,376
-8.32,4
12.16,19
7.77,6
51.09,70
0.85,3
31.25,28
-2.09,5
49.02,15
170.63,148
301.0,287
282.57,171
75.55,55
-3.26,12
33.88,49
32.07,46
13.65,17
237.68,154
315.15,317
2.17,20
306.35,361
38.45,42
248.85,179
262.57,241
98.37,21
242.55,281
79.05,93
303.36,194
14.23,14
273.57,309
186.03,188
40.51,40
164.64,155
152.48,203
685.12,656
42.39,66
76.53,130
226.19,269
236.54,309
68.82,66
96.92,110
3.17,2
351.82,353
109.91,136
309.1,349
192.52,145
273.72,306
320.19,308
193.99,260
142.65,68
279.39,220
-15.25,5
-5.2,2
666.53,750
222.98,181
143.97,139
29.13,25
613.11,635
113.49,88
586.45,750
-8.18,2
2.38,22
294.79,322
26.85,26
64.44,53
380.58,191
289.67,249
144.28,71
360.41,300
141.54,254
628.01,588
462.07,432
85.78,32
47.97,15
76.19,134
9.7,11
11.27,26
198.97,102
6.25,5
283.33,223
2.74,11
-11.4,4
164.19,133
214.28,331
665.38,706
64.77,78
109.31,171
68.64,62
14.05,5
43.89,26
339.68,377
56.41,64
124.14,96
96.57,48
196.19,133
252.49,132
295.7,237
36.35,35
331.36,335
81.32,51
120.66,103
19.54,27
-5.05,4
396.17,462
211.84,84
46.5,35
531.49,512
69.44,72
180.24,154
208.16,114
200.84,238
85.06,98
131.05,159
186.22,140
170.65,133
-13.24,7
4.99,7
36.92,35
44.47,38
67.61,85
62.65,56
70.34,59
71.22,90
276.33,252
173.24,148
116.96,109
101.19,172
199.05,213
429.8,428
174.73,194
18.51,30
203.25,163
197.42,210
199.47,193
34.38,15
0.94,4
67.58,51
191.97,261
-7.8,6
141.15,135
86.5,113
225.14,192
127.53,205
129.01,101
-4.48,4
212.78,233
18.93,11
8.05,2
416.09,444
166.26,188
270.0,285
320.32,316
308.27,309
110.54,75
1.25,12
240.37,239
672.3,673
444.03,334
17.21,32
306.26,317
-14.26,2
163.3,158
219.36,225
281.9,269
5.54,3
175.61,276
284.96,290
167.82,226
237.74,268
42.53,55
359.11,318
151.74,101
10.19,11
763.48,917
174.35,397
65.73,155
338.99,309
71.7,76
124.93,70
341.86,327
396.74,360
562.61,411
137.79,152
88.75,60
-7.65,4
94.43,37
68.55,92
51.34,20
139.09,138
247.13,302
113.27,162
-0.79,7
258.95,248
62.91,46
153.94,194
178.32,190
276.69,276
-3.81,3
473.99,423
102.67,190
70.04,77
-8.49,4
-1.22,12
-0.13,6
11.76,6
78.85,112
194.28,134
454.62,418
197.79,83
73.91,47
-12.89,4
192.76,42
3.44,5
90.27,72
708.67,668
141.15,147
610.72,602
108.51,146
310.66,333
32.98,18
91.28,55
10.04,20
2.11,8
300.2,258
113.24,152
58.28,48
14.35,33
-0.34,5
855.96,832
71.69,112
209.11,138
38.66,58
296.22,256
267.41,114
137.89,177
0.23,8
229.62,197
19.84,5
15.64,29
363.82,516
221.48,226
157.36,99
424.23,371
308.24,419
132.1,138
192.21,195
-4.35,3
389.78,457
4.48,29
182.8,189
-5.54,6
5.26,3
97.53,224
-2.36,4
345.51,389
147.29,167
285.71,291
3.1,15
180.72,84
342.38,115
64.01,36
279.76,261
108.97,131
190.59,176
-2.61,4
301.33,351
454.15,528
103.86,146
246.25,152
319.76,388
733.13,641
535.02,562
150.38,80
332.64,341
488.33,364
179.12,229
0.71,10
599.21,612
413.38,442
29.52,42
181.56,155
548.14,461
312.83,357
79.87,67
640.21,372
773.4,808
3.49,8
82.43,103
98.59,135
139.81,107
110.37,119
188.0,68
160.02,185
641.76,484
149.04,191
35.55,45
203.28,223
187.59,201
18.45,29
226.16,229
138.6,116
341.89,367
122.93,117
646.28,713
187.63,227
408.57,353
42.29,47
-3.15,5
64.25,13
292.41,277
543.07,779
-9.94,6
-4.61,2
219.22,238
58.57,23
-9.19,1
4.11,8
240.82,216
308.44,326
197.31,242
47.87,73
15.48,21
404.02,334
95.23,129
293.23,333
38.32,26
588.18,905
38.76,30
5.03,8
169.65,107
11.44,14
229.72,182
147.41,274
12.8,3
265.27,228
162.12,127
388.89,344
-8.78,6
350.13,499
214.36,236
120.05,132
178.29,189
49.78,27
179.62,129
701.99,669
403.3,416
67.82,50
293.15,314
438.85,283
200.53,225
322.01,282
307.91,309
255.33,233
453.11,441
178.96,210
230.48,215
170.57,208
116.88,148
5.92,7
0.9,5
0.41,6
117.05,94
430.07,337
290.92,229
-8.78,2
539.58,468
194.14,157
857.82,900
157.97,167
41.67,10
160.94,138
439.82,412
99.15,44
262.28,245
122.74,203
202.44,351
394.28,363
126.57,81
244.99,270
211.45,360
57.18,50
216.72,178
15.42,26
88.03,35
23.05,23
177.78,167
50.14,30
63.53,84
792.27,724
199.6,187
544.04,486
291.83,241
55.76,22
324.46,382
141.0,106
193.79,380
607.43,628
213.4,193
100.02,52
3.46,21
105.0,52
120.54,46
189.67,180
214.62,173
262.14,185
84.12,129
63.96,21
545.98,624
67.83,3
13.09,14
192.56,141
634.21,679
41.32,52
82.51,84
193.01,195
88.96,112
426.25,495
259.88,270
818.38,749
233.41,244
781.29,761
745.36,794
96.13,220
300.1,312
498.18,422
19.85,26
219.44,286
242.02,387
57.33,93
165.03,124
251.69,244
231.82,267
462.35,644
122.83,145
187.21,138
93.21,52
582.58,579
249.44,232
768.7,839
216.57,183
210.76,152
19.48,10
682.72,605
277.62,361
0.62,1
-14.45,1
190.84,90
136.94,170
-4.76,3
200.71,226
317.97,324
1.72,17
78.71,19
380.41,367
299.69,221
113.89,131
52.97,15
34.63,13
90.19,115
150.19,128
331.01,380
302.14,544
211.12,164
486.94,560
164.73,165
285.29,301
266.8,351
192.78,177
23.12,10
11.4,25
193.45,231
11.31,25
-13.88,3
485.46,585
559.74,649
162.54,78
37.33,45
155.76,184
3.15,9
180.75,146
340.41,573
355.17,343
484.8,465
158.37,137
67.42,13
343.44,274
5.04,14
15.65,9
231.9,225
75.84,104
164.22,193
55.1,43
44.05,14
-8.7,3
120.91,125
206.71,257
270.81,357
62.83,54
88.9,55
136.73,91
249.47,287
310.42,336
385.95,276
259.54,393
105.34,111
120.33,108
226.61,322
42.35,46
177.1,169
28.56,40
18.58,28
376.99,362
347.86,367
159.02,167
147.29,153
452.63,511
152.86,147
406.31,523
129.11,120
109.17,61
176.68,133
70.06,74
-1.01,5
205.87,176
113.64,120
276.22,254
77.01,54
325.02,273
8.75,10
216.93,212
-6.6,11
107.23,60
25.0,42
318.98,251
53.92,51
228.17,323
162.01,214
169.27,118
83.21,94
33.03,8
4.8,10
263.32,305
-3.14,9
370.86,384
3.17,19
356.31,386
329.5,283
211.22,184
230.57,270
1.33,10
133.7,116
117.56,203
258.45,279
74.54,12
247.46,239
109.86,111
212.52,175
82.1,88
229.28,178
629.71,654
210.01,216
133.65,170
70.68,166
-4.97,7
12.77,12
26.98,11
92.72,30
478.79,578
455.25,431
344.7,322
274.86,318
94.22,80
434.36,495
155.47,184
-0.18,4
225.96,207
3.11,66
799.85,967
241.7,238
59.61,19
167.22,149
403.8,416
523.8,522
38.22,27
466.69,474
69.39,114
571.43,635
70.68,68
31.57,6
194.13,204
12.26,11
-1.42,2
221.82,215
26.73,5
658.27,715
157.54,122
154.55,159
62.8,72
260.53,248
198.36,161
116.98,87
178.8,185
332.82,268
517.86,491
542.99,686
9.31,5
34.44,13
286.43,358
114.88,58
117.35,95
119.51,133
160.19,163
-4.1,2
187.64,124
64.74,100
4.63,6
171.58,176
-1.8,3
49.39,35
183.15,151
5.64,7
27.01,17
355.79,344
227.03,214
124.04,115
101.78,112
136.96,90
45.03,11
498.55,539
321.23,321
115.94,124
4.51,5
33.84,29
271.51,218
94.3,130
261.38,198
5.48,2
277.78,457
141.32,165
521.78,513
81.26,32
150.44,138
-7.29,5
7.64,4
137.76,220
367.01,446
214.23,270
20.61,16
248.03,251
-1.55,13
655.8,687
-7.91,4
41.64,6
4.88,9
180.53,225
154.84,166
611.14,631
121.63,50
463.46,535
11.75,32
287.24,252
535.66,546
48.93,42
149.21,162
55.58,6
544.74,632
169.26,219
149.12,262
49.52,114
236.77,184
166.88,163
43.2,63
-0.96,9
118.5,94
254.41,312
505.04,558
132.17,147
309.58,116
0.58,2
46.73,39
157.55,165
321.69,264
506.18,482
433.95,356
23.21,33
189.12,152
99.15,17
35.65,17
182.72,151
-6.56,2
353.66,360
27.62,34
249.02,273
498.62,500
81.33,78
113.89,124
244.86,286
162.38,165
4.5,26
52.69,7
417.13,497
40.2,25
22.36,11
107.43,23
384.8,492
483.23,480
356.94,331
234.3,257
92.57,87
136.75,187
163.8,97
127.64,111
154.86,137
159.5,88
154.71,182
198.32,227
64.78,56
214.31,189
260.34,207
106.18,108
92.87,96
251.56,231
438.47,387
117.71,106
67.4,80
93.99,74
73.15,113
52.36,83
102.41,98
75.93,118
-4.91,3
36.16,31
87.66,41
108.7,70
37.68,12
14.26,14
-7.44,1
401.64,380
200.27,163
631.77,770
300.98,285
369.09,410
512.89,509
98.51,46
93.53,120
177.12,295
17.1,19
488.47,558
238.59,214
-16.56,1
2.44,8
81.06,91
252.81,261
-14.46,2
215.52,225
390.18,407
23.26,37
23.04,17
59.76,104
90.36,42
-6.88,9
341.34,330
146.68,84
200.36,174
245.61,275
94.29,102
58.47,24
45.04,79
282.68,282
315.03,308
65.82,40
297.89,89
94.12,83
138.99,63
404.98,349
-6.31,5
474.06,548
78.72,95
60.1,63
181.19,186
22.48,30
48.74,62
249.5,247
101.16,27
35.76,18
473.3,458
15.68,32
138.59,118
-3.43,11
-2.05,5
4.52,7
307.29,444
314.64,471
143.78,123
314.13,229
12.41,20
277.26,267
83.56,92
143.06,161
303.3,292
4.8,12
435.68,416
152.46,168
164.08,153
95.97,60
191.52,151
439.87,454
168.13,142
6.72,1
128.4,219
95.01,52
-0.81,4
304.55,361
868.57,925
107.73,65
149.4,142
174.81,163
61.46,7
86.36,113
69.09,113
241.14,166
2.58,7
392.44,364
181.48,184
325.78,314
25.85,27
31.45,6
265.21,203
293.56,230
211.58,174
150.41,98
80.27,63
348.29,305
292.97,316
112.01,48
411.23,379
35.99,32
788.08,812
425.75,341
210.14,203
11.21,10
418.37,447
0.39,19
92.84,33
51.66,54
246.78,182
663.48,744
0.22,7
297.02,504
535.86,495
231.54,160
5.2,9
133.86,151
704.98,838
126.07,122
23.65,7
410.65,438
283.5,236
36.86,33
829.0,783
378.78,331
4.47,6
49.82,28
96.36,56
231.78,198
143.86,136
-4.29,4
294.91,290
416.74,364
89.44,109
27.05,2
227.63,177
184.64,113
802.17,900
256.96,76
66.09,5
151.24,157
204.17,195
51.76,47
23.3,18
15.62,5
389.76,389
89.06,61
141.12,132
406.55,495
67.0,32
74.68,26
-1.11,9
67.73,80
182.16,223
-15.31,6
90.39,74
189.99,163
17.07,12
199.24,236
-6.96,22
65.44,81
215.55,153
91.82,114
335.81,357
157.69,101
308.73,542
119.79,77
-9.71,12
293.36,284
48.41,59
294.35,420
36.96,16
51.08,72
221.93,185
204.4,300
-10.67,1
99.64,106
322.06,366
180.36,222
242.24,218
126.78,45
156.95,172
128.53,139
289.2,249
186.21,155
532.59,562
179.15,54
147.12,120
88.97,93
172.82,151
216.2,228
722.09,682
769.95,957
212.66,197
45.25,40
283.3,253
125.63,116
497.61,416
145.57,161
180.57,186
40.68,19
130.92,204
28.93,5
510.75,404
-12.77,1
172.8,127
365.5,375
541.21,497
395.31,499
95.37,90
203.03,216
165.2,183
7.44,16
350.06,341
171.44,91
97.26,124
-13.02,6
204.0,192
85.45,40
34.54,54
169.6,166
209.35,255
132.15,141
119.59,144
-2.71,7
323.39,258
152.87,153
511.38,458
367.94,470
177.91,207
368.66,479
-13.98,3
297.72,396
321.67,263
56.83,40
113.47,125
68.7,52
124.63,166
360.27,545
709.3,679
94.8,108
57.69,58
283.18,357
46.52,4
189.88,55
7.79,16
9.12,17
281.24,332
165.19,184
-4.41,3
188.1,171
31.59,29
158.8,223
292.75,268
23.62,50
-11.35,2
18.82,32
8.51,6
111.39,145
18.87,12
370.94,452
539.74,552
139.7,192
253.63,219
83.44,86
6.71,3
124.5,92
90.98,45
105.51,148
10.54,7
219.79,225
176.73,279
-10.35,2
10.96,19
105.38,87
4.47,6
46.22,33
513.04,517
402.14,458
112.77,206
360.29,489
152.91,147
473.03,513
61.32,55
199.46,214
21.06,35
203.4,194
2.54,8
719.19,766
93.68,125
55.25,41
101.63,116
285.01,266
3.07,7
345.07,339
28.18,17
608.95,581
206.66,245
420.93,308
81.88,124
16.54,19
81.1,87
775.0,938
14.34,3
391.1,372
81.27,31
71.53,44
234.38,102
74.49,121
306.35,268
9.52,25
298.73,255
206.88,79
6.93,4
74.7,89
35.62,19
205.92,322
66.98,103
257.34,272
268.65,241
466.5,399
792.46,824
364.37,357
204.37,225
430.18,474
126.13,171
353.84,269
162.96,157
346.53,386
86.54,86
27.85,27
91.01,21
264.18,225
18.64,31
379.88,350
20.45,50
196.24,135
206.29,246
71.11,46
28.3,17
90.92,62
-0.58,4
3.58,6
9.37,10
-10.19,5
130.14,132
409.39,454
27.48,39
1.69,9
-7.8,10
69.44,103
381.47,394
560.03,532
103.42,107
177.57,139
173.54,78
202.61,106
50.31,45
370.75,315
171.81,209
136.56,158
43.62,20
72.75,33
243.5,337
81.68,58
232.65,242
793.26,963
254.51,251
535.12,529
310.2,476
121.36,97
69.76,109
78.9,35
579.85,688
-15.64,2
4.72,11
55.59,55
22.94,16
316.94,382
64.79,23
148.03,252
170.04,154
343.71,375
266.7,279
111.26,135
122.67,50
107.49,30
213.22,158
140.1,161
5.98,7
168.23,172
164.2,175
102.34,149
558.27,577
79.73,33
419.98,377
146.09,138
152.3,157
428.12,487
196.5,216
99.47,35
267.94,211
59.36,63
196.98,237
381.16,396
192.41,308
220.28,185
109.05,53
196.62,177
153.12,147
26.09,28
185.83,207
597.97,611
226.24,200
563.91,707
237.97,235
347.63,374
385.99,404
50.67,86
293.49,391
122.89,150
105.4,46
132.19,97
187.72,289
152.96,31
112.34,118
141.92,308
502.12,543
108.39,116
188.14,220
86.53,53
260.65,135
145.11,162
79.82,98
615.42,684
129.65,152
157.74,142
466.03,495
253.24,230
319.63,127
131.92,119
6.27,4
460.16,407
191.71,147
518.18,543
175.93,182
11.4,9
33.33,24
29.93,2
295.37,174
311.9,358
62.91,36
671.81,300
126.98,146
12.75,22
135.51,202
4.94,9
335.55,333
300.73,269
357.35,375
-6.31,5
-11.98,10
210.54,218
117.5,138
31.33,34
77.66,62
294.05,282
398.19,370
-2.89,6
527.56,558
275.15,225
130.47,89
242.39,108
336.56,334
160.14,145
815.33,869
59.52,79
91.46,59
133.9,106
357.83,309
752.38,757
459.4,446
101.37,56
321.85,305
-8.49,2
283.5,37
109.93,80
75.12,85
-4.07,12
166.82,177
-0.14,4
13.22,11
456.27,387
3.36,10
155.5,158
10.06,7
527.26,572
4.84,5
124.79,25
324.91,345
117.98,121
18.03,11
75.97,25
41.31,43
114.6,54
8.33,7
-6.71,2
5.53,7
751.25,699
57.92,32
290.97,307
427.3,527
139.56,124
18.04,19
601.7,563
24.51,30
187.52,257
-8.23,8
297.28,297
225.5,145
78.17,69
45.94,34
164.24,171
448.35,390
265.15,332
115.52,124
92.23,104
165.76,192
-18.17,3
74.39,98
213.57,138
461.2,470
423.75,408
148.94,148
-4.39,1
130.19,190
281.7,228
394.17,409
262.99,314
118.71,122
291.02,320
142.61,125
140.05,78
106.72,113
207.39,188
238.61,300
514.6,462
283.87,313
13.64,14
-4.6,4
34.42,33
119.58,101
204.51,222
167.32,148
284.94,343
223.09,224
211.37,265
520.07,429
22.42,5
11.63,10
559.96,680
311.03,380
269.28,292
152.84,189
11.21,5
388.34,390
309.49,321
13.99,3
41.56,58
66.46,84
41.51,46
170.03,148
31.33,11
572.38,652
5.58,17
148.06,135
377.76,181
6.14,6
111.43,142
98.8,78
113.55,116
264.8,171
23.45,13
112.99,69
10.89,9
162.76,165
24.74,16
80.27,121
189.37,157
-6.93,3
-5.7,2
238.32,107
388.56,402
507.82,596
86.48,92
74.0,46
2.22,10
10.21,19
314.81,337
376.7,341
244.87,245
457.37,550
404.8,434
112.87,86
51.51,48
168.13,125
611.09,494
244.86,276
110.92,156
186.49,214
346.07,268
153.23,156
30.33,30
15.95,24
476.44,489
143.04,139
282.61,277
434.58,417
64.45,73
158.52,109
18.38,13
269.17,194
0.03,11
484.46,463
102.71,18
163.18,165
354.31,354
694.24,597
11.59,11
122.7,150
182.14,239
483.42,489
203.53,188
2.58,4
254.51,195
7.69,13
271.64,287
180.23,193
66.84,54
225.14,226
80.13,98
172.62,154
41.94,16
445.34,437
262.79,122
-12.79,3
31.28,37
4.26,17
-2.69,3
201.38,246
216.29,188
-2.01,7
178.68,187
3.95,11
78.69,43
12.78,15
18.25,6
4.92,11
22.94,18
48.0,21
86.78,70
243.89,101
516.68,564
136.19,79
244.26,259
158.56,202
33.92,15
600.38,586
182.77,178
-7.96,3
76.86,15
116.99,122
222.05,372
167.88,247
141.83,107
213.2,221
75.47,141
517.53,570
74.98,124
312.85,459
450.93,440
71.22,70
516.85,498
187.22,159
6.16,5
590.67,666
4.28,2
73.1,50
306.38,402
38.38,6
25.56,24
378.38,307
374.0,341
131.67,142
189.81,117
311.7,278
43.95,7
64.4,119
166.95,141
73.32,39
110.65,37
7.69,16
759.55,730
109.77,117
-5.04,3
49.04,64
279.0,302
61.1,19
26.33,10
42.8,32
282.41,298
-0.31,5
432.56,564
69.92,32
163.4,177
176.36,134
290.96,273
316.93,290
398.45,354
14.52,13
-1.94,15
484.12,383
180.06,137
-0.06,11
513.29,578
278.06,410
150.67,133
338.08,418
67.88,59
118.05,90
387.59,456
274.12,497
751.45,732
27.11,8
428.57,446
89.64,64
81.76,81
-14.19,2
13.13,6
139.83,92
229.49,198
32.91,35
99.79,44
293.27,447
234.02,243
159.01,198
120.05,90
269.57,331
373.86,447
122.32,84
512.09,504
406.42,509
278.64,292
24.34,28
206.78,233
381.64,299
141.82,155
191.13,185
-5.2,4
311.77,256
175.14,118
-6.47,5
206.83,216
420.0,378
448.72,322
483.49,616
91.69,23
63.95,78
48.26,41
73.66,92
81.11,48
37.08,37
1.4,39
50.58,12
194.66,212
153.54,143
161.75,147
117.26,198
139.7,39
369.76,343
194.98,122
66.22,57
299.66,297
30.4,1
-5.95,5
20.45,9
163.08,178
45.98,30
107.01,104
467.66,532
418.9,414
135.39,128
466.8,475
241.42,272
-4.99,9
256.59,218
85.34,62
591.8,514
195.85,213
601.96,596
307.7,298
144.06,178
11.35,17
181.75,153
135.58,143
5.08,6
345.09,327
247.63,290
440.04,554
9.24,16
163.33,168
113.69,56
186.48,220
724.08,801
46.39,36
268.42,133
267.27,304
-10.09,3
301.78,281
145.52,143
102.5,66
115.22,86
231.75,248
250.18,323
84.67,118
240.33,237
180.71,139
75.06,61
278.84,221
-1.4,12
387.37,301
656.48,853
342.03,626
192.33,154
74.84,30
-2.92,4
-2.07,5
187.53,180
333.51,95
114.02,143
299.57,378
-9.85,6
170.58,162
123.94,142
313.68,277
423.01,495
262.68,328
801.16,776
363.57,420
193.92,52
122.68,85
88.61,105
178.36,184
87.91,26
128.41,168
206.08,151
277.25,260
367.13,284
149.78,112
393.4,404
390.59,314
323.18,389
147.36,189
247.87,254
171.74,179
25.18,29
295.72,280
189.19,195
57.11,69
140.56,108
254.08,232
-0.27,8
78.2,90
132.58,42
447.93,585
126.53,46
234.71,255
460.39,421
13.28,10
119.66,198
162.54,143
121.66,48
159.39,128
279.68,311
177.92,160
239.94,241
121.86,143
472.55,508
175.86,164
124.33,150
157.49,76
132.29,48
527.5,270
-6.15,6
246.61,123
307.02,420
325.84,400
23.92,34
3.68,8
364.08,363
243.93,215
317.44,316
167.55,140
192.3,183
35.51,35
87.26,193
16.68,1
40.79,41
296.58,289
98.1,125
100.85,124
282.81,275
107.56,76
35.29,19
37.95,35
-9.13,1
162.57,185
136.25,151
787.39,734
166.24,313
11.81,14
205.99,227
4.92,7
109.61,78
207.69,173
-1.89,10
211.73,237
-6.06,4
594.48,618
825.2,646
326.36,306
142.77,105
268.85,281
34.39,12
325.75,627
22.89,22
236.96,242
105.36,90
324.36,323
161.75,165
332.64,436
152.98,151
102.43,111
302.21,300
202.43,247
169.36,220
-11.44,1
169.6,159
304.33,408
144.01,40
273.75,114
49.1,29
177.12,171
217.8,178
-4.24,3
74.14,31
208.86,235
98.91,138
4.49,17
134.8,65
44.79,65
136.7,138
215.92,182
462.77,436
31.37,9
-13.98,1
159.41,156
39.47,36
220.68,215
6.07,7
289.87,308
8.65,8
18.2,13
-11.2,3
77.54,18
102.49,118
-7.03,18
77.45,78
155.6,68
666.78,673
376.38,328
262.72,324
124.64,134
5.01,18
319.57,289
202.15,172
486.9,331
476.48,354
220.49,281
222.15,126
451.54,460
325.91,326
235.05,248
181.88,235
151.21,172
15.97,17
256.66,222
206.64,188
294.54,274
300.92,283
72.08,33
180.62,147
23.24,21
374.96,372
3.49,11
60.74,66
-10.7,9
6.37,8
41.32,34
76.57,67
1.96,3
329.99,356
284.84,334
212.4,142
53.09,65
55.55,44
2.74,5
197.76,196
565.32,496
153.99,112
42.76,47
27.96,28
243.35,220
138.69,98
283.11,276
570.03,559
223.25,310
44.57,58
325.37,305
132.08,120
9.59,12
96.81,107
253.75,267
198.89,306
21.59,6
22.34,21
287.94,233
199.88,267
272.75,196
19.08,23
293.22,291
660.98,719
252.02,276
292.14,347
438.66,582
231.6,107
56.64,10
217.25,213
352.31,385
265.31,376
308.21,274
235.2,171
197.63,167
375.3,398
23.44,30
57.11,66
553.78,531
54.08,63
-6.86,5
512.8,523
129.36,178
320.5,328
149.7,64
548.98,545
481.44,591
7.13,19
196.53,204
188.69,169
195.58,191
389.0,353
112.98,113
8.64,27
74.85,91
394.31,251
57.85,17
142.61,152
111.25,89
482.86,684
199.12,232
246.65,257
270.09,199
160.35,201
188.61,160
199.5,191
227.55,223
224.76,269
9.09,9
458.78,626
645.89,647
33.46,18
197.6,245
135.55,122
-2.43,5
221.43,154
44.5,10
371.24,420
262.79,272
38.25,54
217.95,202
50.04,43
201.7,243
114.24,117
579.71,572
353.96,355
63.1,62
215.93,35
289.26,314
275.4,316
139.03,97
401.23,394
59.22,16
77.45,113
304.65,466
151.75,264
217.03,186
-12.98,1
-1.77,6
6.55,21
95.69,128
287.06,219
214.91,161
206.34,249
177.36,133
349.61,387
125.66,136
-5.08,17
66.79,12
392.91,439
140.38,169
501.68,573
169.81,178
2.24,5
154.89,221
184.21,149
157.03,47
170.57,100
376.67,465
129.01,122
138.24,173
124.26,47
18.63,29
314.84,303
40.86,59
34.97,41
132.45,107
-1.89,5
62.44,35
134.38,22
469.24,484
149.82,112
321.04,443
8.99,22
457.25,421
41.26,34
136.05,99
58.99,81
46.06,36
627.33,593
530.78,495
180.99,159
34.32,61
332.48,287
182.46,140
-12.2,1
18.96,21
15.62,13
475.67,370
118.05,55
725.9,604
-5.01,5
316.09,389
100.5,57
325.22,258
474.01,355
65.2,30
801.49,901
-0.52,3
287.1,231
152.31,162
111.11,30
217.89,227
146.57,144
161.6,194
296.56,274
711.68,831
183.05,189
31.43,41
421.53,321
176.29,233
6.59,16
0.53,14
348.66,291
47.43,27
319.9,252
218.84,235
694.25,754
202.86,181
-3.84,1
21.44,39
237.21,279
260.61,192
94.84,256
231.95,224
605.38,472
45.55,41
383.13,463
-5.55,4
10.66,15
106.9,69
40.9,50
-5.85,3
183.36,213
372.84,334
169.75,155
-6.51,2
431.07,442
48.66,13
155.92,105
220.77,141
54.77,69
89.83,81
400.36,455
459.83,463
73.43,70
19.3,41
209.39,209
87.7,88
80.29,84
75.6,39
110.81,99
96.69,105
96.61,102
70.54,39
64.13,61
1.29,7
10.28,1
334.48,375
55.99,78
9.73,5
65.21,11
52.68,38
115.3,88
208.35,217
53.96,64
83.7,137
106.85,98
49.28,30
37.87,13
119.11,100
188.55,56
181.93,176
1.98,4
318.39,388
49.11,81
254.15,276
182.14,251
190.56,352
24.27,27
135.86,226
403.48,395
-12.93,5
16.51,10
593.15,660
307.86,348
117.59,145
235.89,197
622.91,613
339.76,272
497.43,507
221.42,201
84.75,63
33.87,19
565.29,543
93.65,71
441.28,711
13.85,11
151.53,162
33.81,35
0.42,4
501.95,530
32.76,37
139.67,148
262.31,251
293.46,232
525.37,724
107.88,73
26.7,35
21.75,10
107.32,78
402.59,435
335.44,332
11.66,3
223.97,235
386.89,325
213.54,247
284.79,374
101.38,65
123.19,137
334.24,431
61.84,19
134.49,172
-1.34,1
184.84,217
215.59,270
147.72,127
123.25,118
186.89,190
318.41,351
262.37,284
49.67,44
323.5,318
38.98,27
245.57,195
18.29,12
218.16,220
148.35,136
234.01,168
47.48,40
14.12,20
496.46,486
10.67,2
123.36,32
67.17,55
75.43,87
279.96,274
453.36,525
184.18,190
312.43,286
43.33,49
42.49,46
195.74,192
-0.01,6
190.47,142
5.63,3
367.11,278
233.91,217
13.97,23
125.41,144
192.38,66
522.32,692
182.89,155
129.44,157
121.65,172
20.91,3
15.69,13
196.98,165
397.59,470
28.34,26
572.84,625
183.58,178
6.67,5
653.32,600
9.37,18
158.76,153
-17.07,1
248.67,297
178.93,216
179.39,62
-5.12,5
515.64,576
386.08,290
52.83,64
